SELECT * FROM Student1.student;

INSERT INTO Student1.student VALUE(10101001,"张永峰","男","1993-8-1","电子商务101");
INSERT INTO Student1.student VALUE(10101002,"何小丽","女","1992-11-3","电子商务101");
INSERT INTO Student1.student VALUE(10101003,"张宇","男","1992-8-21","电子商务101");
INSERT INTO Student1.student VALUE(10102001,"王斌","男","1991-7-14","网络技术101");
INSERT INTO Student1.student VALUE(10102002,"包玉明","男","1993-11-15","网络技术101");
INSERT INTO Student1.student VALUE(10102003,"孙平平","女","1992-2-27","网络技术101");
INSERT INTO Student1.student VALUE(10102004,"翁静静","女","1992-5-9","网络技术101");
INSERT INTO Student1.student VALUE(11101001,"刘淑芳","女","1994-6-10","电子商务111");
INSERT INTO Student1.student VALUE(11101002,"王亚旭","男","1993-3-18","电子商务111");
INSERT INTO Student1.student VALUE(11101003,"高磊","男","1993-5-11","电子商务111");

SELECT * FROM Student1.timetable;
INSERT INTO Student1.timetable VALUE("c001","文学欣赏",40,1.5,"t001");
INSERT INTO Student1.timetable VALUE("c002","中国历史文化",60,2,"t003");
INSERT INTO Student1.timetable VALUE("c003","视频编辑",70,2.5,"t002");
INSERT INTO Student1.timetable VALUE("c004","音乐欣赏",40,1.5,"t005");

SELECT * FROM Student1.course;
INSERT INTO Student1.course VALUE(10101001,"c001",73);
INSERT INTO Student1.course VALUE(10101001,"c003",81);
INSERT INTO Student1.course VALUE(10101001,"c004",51);
INSERT INTO Student1.course VALUE(10101002,"c001",78);
INSERT INTO Student1.course VALUE(10101002,"c002",63);
INSERT INTO Student1.course VALUE(10101003,"c003",69);
INSERT INTO Student1.course VALUE(10101003,"c004",67);
INSERT INTO Student1.course VALUE(10102001,"c001",50);
INSERT INTO Student1.course VALUE(10102001,"c004",42);
INSERT INTO Student1.course VALUE(10102002,"c002",68);
INSERT INTO Student1.course VALUE(10102002,"c003",95);
INSERT INTO Student1.course VALUE(10102002,"c004",75);
INSERT INTO Student1.course VALUE(10102003,"c001",85);
INSERT INTO Student1.course VALUE(10102003,"c002",78);
INSERT INTO Student1.course VALUE(10102003,"c003",67);
INSERT INTO Student1.course VALUE(10102003,"c004",65);
INSERT INTO Student1.course VALUE(10102004,"c002",84);
INSERT INTO Student1.course VALUE(10102004,"c003",90);
INSERT INTO Student1.course VALUE(11101001,"c001",49);
INSERT INTO Student1.course VALUE(11101001,"c002",67);
INSERT INTO Student1.course VALUE(11101001,"c004",62);
INSERT INTO Student1.course VALUE(11101002,"c001",67);
INSERT INTO Student1.course VALUE(11101002,"c002",45);
INSERT INTO Student1.course VALUE(11101003,"c002",88);
INSERT INTO Student1.course VALUE(11101003,"c003",90);
INSERT INTO Student1.course VALUE(11101003,"c004",82);












